{
  "BARAU DIKKO LABORATORY": "001360",
  "DENTAL CENTRE KADUNA GENERAL": "001170",
  "DENTAL CENTRE ZARIA": "001201",
  "Gambo Sawaba Genaral hospital": "001151",
  "Gambo Sawaba Genaral hospital pharmacy": "001150",
  "Gambo Sawaba LAB": "001144",
  "GENERAL HOSPITAL DOKA GENERAL": "001229",
  "GENERAL HOSPITAL DOKA PHARMACY": "001276",
  "GENERAL HOSPITAL GWANTU PHARMACY": "001183",
  "GENERAL HOSPITAL KACHIA GENERAL": "001263",
  "GENERAL HOSPITAL KACHIA PHARMACY": "001264",
  "GENERAL HOSPITAL KAFANCHAN GENERAL": "001160",
  "GENERAL HOSPITAL KAFANCHAN LABORATORY": "001158",
  "GENERAL HOSPITAL KAFANCHAN PHARMACY": "001159",
  "GENERAL HOSPITAL KUJAMA": "001207",
  "GENERAL HOSPITAL KUJAMA PHARMACY": "001208",
  "GENERAL HOSPITAL SABON TASHA": "001182",
  "GENERAL HOSPITAL SABON TASHA  LAB": "001178",
  "GENERAL HOSPITAL ZANKUA GENERAL": "001249",
  "GENERAL HOSPITAL ZANKUA PHARMACY": "001250",
  "GIWA GENERAL HOSPITAL": "001108",
  "GIWA GENERAL HOSPITAL KADUNA PHARMACY": "001109",
  "GWANTU GENERAL HOSPITAL GENERAL": "001184",
  "HUNKUYI HOSPITAL GENERAL": "001200",
  "HUNKUYI HOSPITAL PHARMACY": "001199",
  "IKARA HOSPITAL GENERAL": "001234",
  "IKARA HOSPITAL LAB": "001233",
  "Ikara hospital pharmacy": "001232",
  "JIBRIL MAIGWARI GH GENERAL": "001227",
  "JIBRIL MAIGWARI GH LAB": "001209",
  "JIBRIL MAIGWARI GH PHARMACY": "001295",
  "KAURA GENERAL HOSPITAL GENERAL": "001186",
  "KAURA GENERAL HOSPITAL PHARMACY": "001185",
  "KAURU HOSPITAL GENERAL": "001243",
  "KAURU HOSPITAL PHARMACY": "001242",
  "KAURU RURAL HOSPITAL LAB": "001298",
  "KAWO GENERAL HOSPITAL": "001113",
  "KAWO GENERAL HOSPITAL KADUNA PHARMACY": "001112",
  "KD BDH  DRUG REVOLVING FUND MERCHANT WALLET": "000806",
  "KD BDH MERCHANT WALLET": "000805",
  "KD GAH DRUG REVOLVING MERCHANT WALLET": "000812",
  "KD GAH MERCHANT WALET": "000811",
  "KD YDH DRUG REVOLVING FUND MERCHANT": "000809",
  "KD YDH MERCHANT WALLET": "000808",
  "KDYDHLAB REVOLVING FUND": "001031",
  "L HOSPITALGENERA SABON TASHA  PHARMACY": "001179",
  "MAIGANA HOSPITAL GENERAL": "001236",
  "MAIGANA HOSPITAL PHARMACY": "001235",
  "Makarfi Hospital": "001194",
  "MAKARFI HOSPITAL GENERAL": "001196",
  "Makarfi Hospital Lab": "001195",
  "MIBA GENERAL HOSPITAL GENERAL": "001202",
  "MIBA HOSPITAL": "001197",
  "MIBA HOSPITAL LAB": "001198",
  "PAMBEGUWA HOSPITAL GENERAL": "001241",
  "PAMBEGUWA HOSPITAL LAB": "001277",
  "PAMBEGUWA HOSPITAL PHARMACY": "001240",
  "RH FADAN KAGOMA GENERAL": "001265",
  "RH FADAN KAGOMA PHARMACY": "001267",
  "RH IDON GENERAL": "001230",
  "RH IDON PHARMACY A": "001231",
  "RH ZANGON KATAF GENERAL": "001220",
  "RH ZANGON KATAF LAB": "001324",
  "RH ZANGON KATAF PHARMACY": "001221",
  "RIGASA GENERAL HOSPITAL LABORATORY": "000141",
  "RIGASSA GENERAL HOSPITAL": "001111",
  "RIGASSA GENERAL HOSPITAL pharmacy": "001110",
  "RURAL HOSPITAL KAGARKO GENERAL": "001274",
  "RURAL HOSPITAL KAGARKO PHARMACY": "001275",
  "RURAL HOSPITAL KWOI GENERAL": "001258",
  "RURAL HOSPITAL KWOI PHARMACY": "001259",
  "SAMINAKA HOSPITAL GENERAL": "001239",
  "SAMINAKA HOSPITAL LAB": "001238",
  "SAMINAKA HOSPITAL PHARMACY": "001237",
  "TURUNKU RURAL HOSPITAL GENERAL": "001281",
  "TURUNKU RURAL HOSPITAL PHARMACY": "001280"
}