{
  "H.F Licenses": "12020036",
  "GOPD": "12060171",
  "LAB": "12040041",
  "ADMISSION": "12060172",
  "B&D Notf.": "12040043",
  "NHIS": "12040495",
  "S.I Cert.": "12040050",
  "PHYSIO": "12040496",
  "Ultrasound": "12040303",
  "ENT": "12040497",
  "PHARMACY": "12040307",
  "C.P Fees": "12040411",
  "RPMS/Reg.": "12040308",
  "A&E": "12040310",
  "RADIOLOGY": "12040317",
  "Mortuary/Storage Fees": "12040410",
  "DENTAL": "12040431",
  "EYE": "12040440",
  "Cert. of Fitness": "12040527",
  "THEATRE": "12040579",
  "DIALYSIS": "12040607"
}