{
  "Nigeria" : {
    "code": "NG",
    "states": {
      "Abia": "ABA",
      "Abuja": "ABJ",
      "Adamawa": "ADM",
      "Akwa Ibom": "AKW",
      "Anambra": "ANA",
      "Bauchi": "BAU",
      "Bayelsa": "BAY",
      "Benue": "BNU",
      "Borno": "BRN",
      "Cross River": "CSR",
      "Delta": "DEL",
      "Ebonyi": "EBO",
      "Edo": "EDO",
      "Ekiti": "EKI",
      "Enugu": "ENU",
      "Gombe": "GOM",
      "Imo": "IMO",
      "Jigawa": "JIG",
      "Kaduna": "KAD",
      "Kano": "KAN",
      "Katsina": "KAT",
      "Kebbi": "KEB",
      "Kogi": "KOG",
      "Kwara": "KWA",
      "Lagos": "LAG",
      "Nasarawa": "NAS",
      "Niger": "NIG",
      "Ogun": "OGU",
      "Ondo":  "OND",
      "Osun": "OSU",
      "Oyo": "OYO",
      "Plateau": "PLA",
      "Rivers": "RIV",
      "Sokoto": "SOK",
      "Taraba": "TAR",
      "Yobe": "YOB",
      "Zamfara": "ZAM"
    }
  }
}